<?xml version = '1.0' encoding = 'UTF-8'?>
<relationalModel class="oracle.dbtools.crest.model.design.relational.RelationalDesign" name="Relational_1" id="68800AB6-1B70-20F2-7F84-62D418E1D62E" mainViewID="117FCBAC-1A12-35C8-3B1C-71F652963799">
<createdBy>USER</createdBy>
<createdTime>2024-12-13 04:28:37 UTC</createdTime>
<ownerDesignName>PROYECTO_FINAL(AVANCE_1)</ownerDesignName>
<shouldBeOpen>true</shouldBeOpen>
<selectedRDBMSSite>32076570-2523-435C-2E92-BF29817DFF70</selectedRDBMSSite>
</relationalModel>