<?xml version = '1.0' encoding = 'UTF-8'?>
<Entity class="oracle.dbtools.crest.model.design.logical.Entity" directorySegmentName="seg_0" id="7333DA86-4272-96C8-AFCE-FFA5C78F9339" name="VET_SERVICIOS">
<createdBy>USER</createdBy>
<createdTime>2024-12-13 04:51:43 UTC</createdTime>
<ownerDesignName>ER_Correccion</ownerDesignName>
<engineerTo>
<item key="68800AB6-1B70-20F2-7F84-62D418E1D62E" value="true"/>
</engineerTo>
<adequatelyNormalized>NO</adequatelyNormalized>
<expectedVolumes>0</expectedVolumes>
<fwdEngineeringStrategyName>Single Table</fwdEngineeringStrategyName>
<growthPercent>0</growthPercent>
<growthType>Year</growthType>
<maxVolumes>9999999</maxVolumes>
<minVolumes>0</minVolumes>
<normalForm>Third</normalForm>
<attributes itemClass="oracle.dbtools.crest.model.design.logical.Attribute">
<Attribute name="serv_codigo" id="7944DB59-4DA3-8232-686D-6D2B3DEA21AE">
<createdBy>USER</createdBy>
<createdTime>2024-12-13 04:52:02 UTC</createdTime>
<commentInRDBMS><![CDATA[Codigo Unico del servicio]]></commentInRDBMS>
<ownerDesignName>ER_Correccion</ownerDesignName>
<engineerTo>
<item key="68800AB6-1B70-20F2-7F84-62D418E1D62E" value="true"/>
</engineerTo>
<useDomainConstraints>false</useDomainConstraints>
<use>1</use>
<logicalDatatype>LOGDT019</logicalDatatype>
<dataTypePrecision>5</dataTypePrecision>
<ownDataTypeParameters>,5,</ownDataTypeParameters>
</Attribute>
<Attribute name="serv_nombre" id="539EA64E-59B5-99DC-8197-47ED51E082FC">
<createdBy>USER</createdBy>
<createdTime>2024-12-13 04:52:23 UTC</createdTime>
<commentInRDBMS><![CDATA[Nombre del servicio]]></commentInRDBMS>
<ownerDesignName>ER_Correccion</ownerDesignName>
<engineerTo>
<item key="68800AB6-1B70-20F2-7F84-62D418E1D62E" value="true"/>
</engineerTo>
<useDomainConstraints>false</useDomainConstraints>
<use>1</use>
<logicalDatatype>LOGDT024</logicalDatatype>
<dataTypeSize>50</dataTypeSize>
<ownDataTypeParameters>50,,</ownDataTypeParameters>
</Attribute>
<Attribute name="serv_precio" id="BC84A612-86BA-D1EC-8394-F84C74C43F3E">
<createdBy>USER</createdBy>
<createdTime>2024-12-13 04:52:29 UTC</createdTime>
<commentInRDBMS><![CDATA[Precio del servicio]]></commentInRDBMS>
<ownerDesignName>ER_Correccion</ownerDesignName>
<engineerTo>
<item key="68800AB6-1B70-20F2-7F84-62D418E1D62E" value="true"/>
</engineerTo>
<useDomainConstraints>false</useDomainConstraints>
<use>1</use>
<logicalDatatype>LOGDT019</logicalDatatype>
<dataTypePrecision>5</dataTypePrecision>
<dataTypeScale>2</dataTypeScale>
<ownDataTypeParameters>,5,2</ownDataTypeParameters>
</Attribute>
<Attribute name="serv_estado" id="636422A6-0261-DD95-7650-5101027D5274">
<createdBy>USER</createdBy>
<createdTime>2025-01-02 05:34:28 UTC</createdTime>
<commentInRDBMS><![CDATA[A si está activo o I si esta inactivo]]></commentInRDBMS>
<ownerDesignName>ER_Correccion</ownerDesignName>
<engineerTo>
<item key="68800AB6-1B70-20F2-7F84-62D418E1D62E" value="true"/>
</engineerTo>
<useDomainConstraints>false</useDomainConstraints>
<use>1</use>
<logicalDatatype>LOGDT025</logicalDatatype>
<dataTypeSize>1</dataTypeSize>
<ownDataTypeParameters>1,,</ownDataTypeParameters>
</Attribute>
<Attribute name="serv_IVA" id="7DCD0497-0791-1C3C-E2E1-E06148B5FE38">
<createdBy>USER</createdBy>
<createdTime>2024-12-13 04:52:34 UTC</createdTime>
<commentInRDBMS><![CDATA[S si posee IVA o N en caso contrario]]></commentInRDBMS>
<ownerDesignName>ER_Correccion</ownerDesignName>
<engineerTo>
<item key="68800AB6-1B70-20F2-7F84-62D418E1D62E" value="true"/>
</engineerTo>
<useDomainConstraints>false</useDomainConstraints>
<use>1</use>
<logicalDatatype>LOGDT025</logicalDatatype>
<dataTypeSize>1</dataTypeSize>
<ownDataTypeParameters>1,,</ownDataTypeParameters>
</Attribute>
</attributes>
<identifiers itemClass="oracle.dbtools.crest.model.design.logical.CandidateKey">
<identifier id="FAAB2671-A346-F417-A9F1-4D81B1E48808" name="VET_SERVICIOS PK">
<createdBy>USER</createdBy>
<createdTime>2024-12-14 19:33:32 UTC</createdTime>
<ownerDesignName>ER_Correccion</ownerDesignName>
<engineerTo>
<item key="68800AB6-1B70-20F2-7F84-62D418E1D62E" value="true"/>
</engineerTo>
<pk>true</pk>
<usedAttributes>
<attributeRef>7944DB59-4DA3-8232-686D-6D2B3DEA21AE</attributeRef>
</usedAttributes>
</identifier>
</identifiers>
</Entity>