<?xml version = '1.0' encoding = 'UTF-8'?>
<Entity class="oracle.dbtools.crest.model.design.logical.Entity" directorySegmentName="seg_0" id="A4547F02-3909-CC86-5B23-9951BF983E7B" name="VET_RAZAS">
<createdBy>USER</createdBy>
<createdTime>2025-01-02 05:40:20 UTC</createdTime>
<ownerDesignName>ER_Correccion</ownerDesignName>
<engineerTo>
<item key="68800AB6-1B70-20F2-7F84-62D418E1D62E" value="true"/>
</engineerTo>
<adequatelyNormalized>NO</adequatelyNormalized>
<expectedVolumes>0</expectedVolumes>
<fwdEngineeringStrategyName>Single Table</fwdEngineeringStrategyName>
<growthPercent>0</growthPercent>
<growthType>Year</growthType>
<maxVolumes>9999999</maxVolumes>
<minVolumes>0</minVolumes>
<normalForm>Third</normalForm>
<attributes itemClass="oracle.dbtools.crest.model.design.logical.Attribute">
<Attribute name="raza_id" id="BD10911C-0928-156B-4360-127FECF66ACB">
<createdBy>USER</createdBy>
<createdTime>2025-01-02 05:40:25 UTC</createdTime>
<commentInRDBMS><![CDATA[Codigo unico de la raza]]></commentInRDBMS>
<ownerDesignName>ER_Correccion</ownerDesignName>
<engineerTo>
<item key="68800AB6-1B70-20F2-7F84-62D418E1D62E" value="true"/>
</engineerTo>
<useDomainConstraints>false</useDomainConstraints>
<use>1</use>
<logicalDatatype>LOGDT024</logicalDatatype>
<dataTypeSize>5</dataTypeSize>
<ownDataTypeParameters>5,,</ownDataTypeParameters>
</Attribute>
<Attribute name="raza_nombre" id="742AB24F-BFDF-9DB2-F1A2-023F3B11E6EF">
<createdBy>USER</createdBy>
<createdTime>2025-01-02 05:40:35 UTC</createdTime>
<commentInRDBMS><![CDATA[Raza de la mascota]]></commentInRDBMS>
<ownerDesignName>ER_Correccion</ownerDesignName>
<engineerTo>
<item key="68800AB6-1B70-20F2-7F84-62D418E1D62E" value="true"/>
</engineerTo>
<useDomainConstraints>false</useDomainConstraints>
<use>1</use>
<logicalDatatype>LOGDT024</logicalDatatype>
<dataTypeSize>20</dataTypeSize>
<ownDataTypeParameters>20,,</ownDataTypeParameters>
</Attribute>
<Attribute name="tipoM_id" id="7932EDEE-F8EF-C8D2-0116-CF0AC08870EC">
<createdBy>USER</createdBy>
<createdTime>2025-01-02 05:41:44 UTC</createdTime>
<generatorID>8EAF884F-12C8-EB41-30A2-2C0370CBCE83</generatorID>
<ownerDesignName>ER_Correccion</ownerDesignName>
<engineerTo>
<item key="68800AB6-1B70-20F2-7F84-62D418E1D62E" value="true"/>
</engineerTo>
<referedAttribute>AD548E80-BA13-AAE3-0EDC-733D08D3AC8D</referedAttribute>
<useDomainConstraints>false</useDomainConstraints>
<use>1</use>
<logicalDatatype>LOGDT024</logicalDatatype>
<dataTypeSize>5</dataTypeSize>
<ownDataTypeParameters>,,</ownDataTypeParameters>
</Attribute>
</attributes>
<identifiers itemClass="oracle.dbtools.crest.model.design.logical.CandidateKey">
<identifier id="04F0E839-4481-07FF-BA80-3906D7FEC644" name="VET_RAZAS PK">
<createdBy>USER</createdBy>
<createdTime>2025-01-02 05:40:29 UTC</createdTime>
<ownerDesignName>ER_Correccion</ownerDesignName>
<engineerTo>
<item key="68800AB6-1B70-20F2-7F84-62D418E1D62E" value="true"/>
</engineerTo>
<pk>true</pk>
<usedAttributes>
<attributeRef>BD10911C-0928-156B-4360-127FECF66ACB</attributeRef>
</usedAttributes>
</identifier>
</identifiers>
</Entity>