<?xml version = '1.0' encoding = 'UTF-8'?>
<Entity class="oracle.dbtools.crest.model.design.logical.Entity" directorySegmentName="seg_0" id="B3441A2A-1A24-99C8-C96A-AC174EE0B2AA" name="VET_DETALLES_FAC">
<createdBy>USER</createdBy>
<createdTime>2024-12-13 04:59:44 UTC</createdTime>
<ownerDesignName>ER_Correccion</ownerDesignName>
<engineerTo>
<item key="68800AB6-1B70-20F2-7F84-62D418E1D62E" value="true"/>
</engineerTo>
<adequatelyNormalized>NO</adequatelyNormalized>
<expectedVolumes>0</expectedVolumes>
<fwdEngineeringStrategyName>Single Table</fwdEngineeringStrategyName>
<growthPercent>0</growthPercent>
<growthType>Year</growthType>
<maxVolumes>9999999</maxVolumes>
<minVolumes>0</minVolumes>
<normalForm>Third</normalForm>
<attributes itemClass="oracle.dbtools.crest.model.design.logical.Attribute">
<Attribute name="facD_id" id="CA8675A3-7EFD-030C-4A18-188265AA8963">
<createdBy>USER</createdBy>
<createdTime>2024-12-13 04:59:53 UTC</createdTime>
<commentInRDBMS><![CDATA[Codigo Unico del detalle de factura]]></commentInRDBMS>
<ownerDesignName>ER_Correccion</ownerDesignName>
<engineerTo>
<item key="68800AB6-1B70-20F2-7F84-62D418E1D62E" value="true"/>
</engineerTo>
<useDomainConstraints>false</useDomainConstraints>
<use>1</use>
<logicalDatatype>LOGDT019</logicalDatatype>
<dataTypePrecision>5</dataTypePrecision>
<ownDataTypeParameters>,5,</ownDataTypeParameters>
</Attribute>
<Attribute name="facD_cantidad" id="4E73F246-1C93-2F04-249D-5C1C3A0A4663">
<createdBy>USER</createdBy>
<createdTime>2024-12-14 19:40:11 UTC</createdTime>
<commentInRDBMS><![CDATA[Cantidad facturada de los servicios]]></commentInRDBMS>
<ownerDesignName>ER_Correccion</ownerDesignName>
<engineerTo>
<item key="68800AB6-1B70-20F2-7F84-62D418E1D62E" value="true"/>
</engineerTo>
<useDomainConstraints>false</useDomainConstraints>
<use>1</use>
<logicalDatatype>LOGDT019</logicalDatatype>
<dataTypePrecision>3</dataTypePrecision>
<ownDataTypeParameters>,3,</ownDataTypeParameters>
</Attribute>
<Attribute name="facD_subtotal" id="92E33E95-A5D9-FFE9-5D1B-A5B1E512FAF8">
<createdBy>USER</createdBy>
<createdTime>2024-12-13 05:00:12 UTC</createdTime>
<commentInRDBMS><![CDATA[Subtotal por la cantidad de  servicios o productos, precio unitario x cantidad]]></commentInRDBMS>
<ownerDesignName>ER_Correccion</ownerDesignName>
<engineerTo>
<item key="68800AB6-1B70-20F2-7F84-62D418E1D62E" value="true"/>
</engineerTo>
<useDomainConstraints>false</useDomainConstraints>
<use>1</use>
<logicalDatatype>LOGDT019</logicalDatatype>
<dataTypePrecision>5</dataTypePrecision>
<dataTypeScale>2</dataTypeScale>
<ownDataTypeParameters>,5,2</ownDataTypeParameters>
</Attribute>
<Attribute name="facD_valorIVA" id="2E959A35-FB00-6292-75B2-42B7EAC9673D">
<createdBy>USER</createdBy>
<createdTime>2024-12-13 05:00:18 UTC</createdTime>
<commentInRDBMS><![CDATA[Valor del IVA aplicado total del servicio]]></commentInRDBMS>
<ownerDesignName>ER_Correccion</ownerDesignName>
<engineerTo>
<item key="68800AB6-1B70-20F2-7F84-62D418E1D62E" value="true"/>
</engineerTo>
<useDomainConstraints>false</useDomainConstraints>
<use>1</use>
<logicalDatatype>LOGDT019</logicalDatatype>
<dataTypePrecision>5</dataTypePrecision>
<dataTypeScale>2</dataTypeScale>
<ownDataTypeParameters>,5,2</ownDataTypeParameters>
</Attribute>
<Attribute name="fac_total" id="B07A5188-BFD0-3972-047D-7890C8D93830">
<createdBy>USER</createdBy>
<createdTime>2024-12-13 05:00:30 UTC</createdTime>
<commentInRDBMS><![CDATA[Total a pagar por el servicio]]></commentInRDBMS>
<ownerDesignName>ER_Correccion</ownerDesignName>
<engineerTo>
<item key="68800AB6-1B70-20F2-7F84-62D418E1D62E" value="true"/>
</engineerTo>
<useDomainConstraints>false</useDomainConstraints>
<use>1</use>
<logicalDatatype>LOGDT019</logicalDatatype>
<dataTypePrecision>6</dataTypePrecision>
<dataTypeScale>2</dataTypeScale>
<ownDataTypeParameters>,6,2</ownDataTypeParameters>
</Attribute>
<Attribute name="facD_precioS" id="AB369C68-D2C6-5FFE-0143-51C38C365F73">
<createdBy>USER</createdBy>
<createdTime>2025-01-02 05:54:12 UTC</createdTime>
<commentInRDBMS><![CDATA[Precio por el servicio otorgado (individualmente)]]></commentInRDBMS>
<ownerDesignName>ER_Correccion</ownerDesignName>
<engineerTo>
<item key="68800AB6-1B70-20F2-7F84-62D418E1D62E" value="true"/>
</engineerTo>
<useDomainConstraints>false</useDomainConstraints>
<use>1</use>
<logicalDatatype>LOGDT019</logicalDatatype>
<dataTypePrecision>5</dataTypePrecision>
<dataTypeScale>2</dataTypeScale>
<ownDataTypeParameters>,5,2</ownDataTypeParameters>
</Attribute>
<Attribute name="serv_codigo" id="CA447149-71AA-CF5E-19FE-D833FC243AAA">
<createdBy>USER</createdBy>
<createdTime>2024-12-14 19:36:33 UTC</createdTime>
<generatorID>F99DC7C6-EF20-EC98-9116-668E0E84AB1D</generatorID>
<ownerDesignName>ER_Correccion</ownerDesignName>
<engineerTo>
<item key="68800AB6-1B70-20F2-7F84-62D418E1D62E" value="true"/>
</engineerTo>
<referedAttribute>7944DB59-4DA3-8232-686D-6D2B3DEA21AE</referedAttribute>
<useDomainConstraints>false</useDomainConstraints>
<use>1</use>
<logicalDatatype>LOGDT019</logicalDatatype>
<dataTypePrecision>5</dataTypePrecision>
<ownDataTypeParameters>,,</ownDataTypeParameters>
</Attribute>
<Attribute name="fac_id" id="F2BA33F6-6BD9-B337-14AD-D51B509A2331">
<createdBy>USER</createdBy>
<createdTime>2024-12-14 19:42:46 UTC</createdTime>
<generatorID>7946FBCC-8B92-920D-ACE7-5510EB5425C5</generatorID>
<ownerDesignName>ER_Correccion</ownerDesignName>
<engineerTo>
<item key="68800AB6-1B70-20F2-7F84-62D418E1D62E" value="true"/>
</engineerTo>
<referedAttribute>14C388DF-8A08-952C-9272-C872016B96CC</referedAttribute>
<useDomainConstraints>false</useDomainConstraints>
<use>1</use>
<logicalDatatype>LOGDT019</logicalDatatype>
<dataTypePrecision>5</dataTypePrecision>
<ownDataTypeParameters>,5,</ownDataTypeParameters>
</Attribute>
</attributes>
<identifiers itemClass="oracle.dbtools.crest.model.design.logical.CandidateKey">
<identifier id="5FA9AFEC-E57A-91D2-6165-A2C7D0D57B1C" name="VET_DETALLE_FAC PK">
<createdBy>USER</createdBy>
<createdTime>2024-12-14 19:38:30 UTC</createdTime>
<ownerDesignName>ER_Correccion</ownerDesignName>
<engineerTo>
<item key="68800AB6-1B70-20F2-7F84-62D418E1D62E" value="true"/>
</engineerTo>
<pk>true</pk>
<usedAttributes>
<attributeRef>CA8675A3-7EFD-030C-4A18-188265AA8963</attributeRef>
</usedAttributes>
</identifier>
</identifiers>
</Entity>