<?xml version = '1.0' encoding = 'UTF-8'?>
<Entity class="oracle.dbtools.crest.model.design.logical.Entity" directorySegmentName="seg_0" id="B7DCCFFF-F772-C182-F8AC-FE42C7D2B21A" name="VET_MASCOTAS">
<createdBy>USER</createdBy>
<createdTime>2024-12-13 15:20:08 UTC</createdTime>
<ownerDesignName>ER_Correccion</ownerDesignName>
<engineerTo>
<item key="68800AB6-1B70-20F2-7F84-62D418E1D62E" value="true"/>
</engineerTo>
<adequatelyNormalized>NO</adequatelyNormalized>
<expectedVolumes>0</expectedVolumes>
<fwdEngineeringStrategyName>Single Table</fwdEngineeringStrategyName>
<growthPercent>0</growthPercent>
<growthType>Year</growthType>
<maxVolumes>9999999</maxVolumes>
<minVolumes>0</minVolumes>
<normalForm>Third</normalForm>
<attributes itemClass="oracle.dbtools.crest.model.design.logical.Attribute">
<Attribute name="masc_id" id="ECAE7A4C-A60A-E575-226C-1B49157FA186">
<createdBy>USER</createdBy>
<createdTime>2024-12-13 15:20:19 UTC</createdTime>
<commentInRDBMS><![CDATA[Codigo Unico de la mascota]]></commentInRDBMS>
<ownerDesignName>ER_Correccion</ownerDesignName>
<engineerTo>
<item key="68800AB6-1B70-20F2-7F84-62D418E1D62E" value="true"/>
</engineerTo>
<useDomainConstraints>false</useDomainConstraints>
<use>1</use>
<logicalDatatype>LOGDT019</logicalDatatype>
<dataTypePrecision>5</dataTypePrecision>
<ownDataTypeParameters>,5,</ownDataTypeParameters>
</Attribute>
<Attribute name="masc_nombre" id="288B1B28-CD47-B89B-9884-115E43A791E7">
<createdBy>USER</createdBy>
<createdTime>2024-12-13 15:20:23 UTC</createdTime>
<commentInRDBMS><![CDATA[Nombre(s) de la mascota]]></commentInRDBMS>
<ownerDesignName>ER_Correccion</ownerDesignName>
<engineerTo>
<item key="68800AB6-1B70-20F2-7F84-62D418E1D62E" value="true"/>
</engineerTo>
<useDomainConstraints>false</useDomainConstraints>
<use>1</use>
<logicalDatatype>LOGDT024</logicalDatatype>
<dataTypeSize>50</dataTypeSize>
<ownDataTypeParameters>50,,</ownDataTypeParameters>
</Attribute>
<Attribute name="per_id" id="3A3BDF59-F058-3FD8-1C13-9FB06536CBE0">
<createdBy>USER</createdBy>
<createdTime>2025-01-02 05:27:07 UTC</createdTime>
<generatorID>0234FA4A-31E0-6723-C853-F4C163D149DD</generatorID>
<ownerDesignName>ER_Correccion</ownerDesignName>
<engineerTo>
<item key="68800AB6-1B70-20F2-7F84-62D418E1D62E" value="true"/>
</engineerTo>
<referedAttribute>951FD922-E657-FEEA-7F81-F8FC61D1B070</referedAttribute>
<useDomainConstraints>false</useDomainConstraints>
<use>1</use>
<logicalDatatype>LOGDT019</logicalDatatype>
<dataTypePrecision>5</dataTypePrecision>
<ownDataTypeParameters>,,</ownDataTypeParameters>
</Attribute>
<Attribute name="tipoM_id" id="7FD6FDF8-4CE5-EE1C-7834-D55FDEB7D3E7">
<createdBy>USER</createdBy>
<createdTime>2025-01-02 05:38:55 UTC</createdTime>
<generatorID>EFAE8AA1-2162-B8AF-C11A-3A686F199156</generatorID>
<ownerDesignName>ER_Correccion</ownerDesignName>
<engineerTo>
<item key="68800AB6-1B70-20F2-7F84-62D418E1D62E" value="true"/>
</engineerTo>
<referedAttribute>AD548E80-BA13-AAE3-0EDC-733D08D3AC8D</referedAttribute>
<useDomainConstraints>false</useDomainConstraints>
<use>1</use>
<logicalDatatype>LOGDT024</logicalDatatype>
<dataTypeSize>5</dataTypeSize>
<ownDataTypeParameters>,,</ownDataTypeParameters>
</Attribute>
</attributes>
<identifiers itemClass="oracle.dbtools.crest.model.design.logical.CandidateKey">
<identifier id="DC8DDF65-CD2F-45B8-4B66-A2F8754084D7" name="VET_MASCOTAS PK">
<createdBy>USER</createdBy>
<createdTime>2024-12-14 19:27:30 UTC</createdTime>
<ownerDesignName>ER_Correccion</ownerDesignName>
<engineerTo>
<item key="68800AB6-1B70-20F2-7F84-62D418E1D62E" value="true"/>
</engineerTo>
<pk>true</pk>
<usedAttributes>
<attributeRef>ECAE7A4C-A60A-E575-226C-1B49157FA186</attributeRef>
</usedAttributes>
</identifier>
</identifiers>
</Entity>