<?xml version = '1.0' encoding = 'UTF-8'?>
<Entity class="oracle.dbtools.crest.model.design.logical.Entity" directorySegmentName="seg_0" id="C5C570A9-9D65-3567-C7D2-587B83E96BFE" name="VET_TIPOSMASCOTAS">
<createdBy>USER</createdBy>
<createdTime>2025-01-02 05:35:25 UTC</createdTime>
<ownerDesignName>ER_Correccion</ownerDesignName>
<engineerTo>
<item key="68800AB6-1B70-20F2-7F84-62D418E1D62E" value="true"/>
</engineerTo>
<adequatelyNormalized>NO</adequatelyNormalized>
<expectedVolumes>0</expectedVolumes>
<fwdEngineeringStrategyName>Single Table</fwdEngineeringStrategyName>
<growthPercent>0</growthPercent>
<growthType>Year</growthType>
<maxVolumes>9999999</maxVolumes>
<minVolumes>0</minVolumes>
<normalForm>Third</normalForm>
<attributes itemClass="oracle.dbtools.crest.model.design.logical.Attribute">
<Attribute name="tipoM_id" id="AD548E80-BA13-AAE3-0EDC-733D08D3AC8D">
<createdBy>USER</createdBy>
<createdTime>2025-01-02 05:35:36 UTC</createdTime>
<commentInRDBMS><![CDATA[Codigo unico del tipo de mascota]]></commentInRDBMS>
<ownerDesignName>ER_Correccion</ownerDesignName>
<engineerTo>
<item key="68800AB6-1B70-20F2-7F84-62D418E1D62E" value="true"/>
</engineerTo>
<useDomainConstraints>false</useDomainConstraints>
<use>1</use>
<logicalDatatype>LOGDT024</logicalDatatype>
<dataTypeSize>5</dataTypeSize>
<ownDataTypeParameters>5,,</ownDataTypeParameters>
</Attribute>
<Attribute name="tipoM_nombre" id="E1ADF998-4701-56C2-CE76-B11386C72D30">
<createdBy>USER</createdBy>
<createdTime>2025-01-02 05:35:57 UTC</createdTime>
<commentInRDBMS><![CDATA[Nombre del tipo de mascota (Perro, gato, hamster, tortuga, etc)]]></commentInRDBMS>
<ownerDesignName>ER_Correccion</ownerDesignName>
<engineerTo>
<item key="68800AB6-1B70-20F2-7F84-62D418E1D62E" value="true"/>
</engineerTo>
<useDomainConstraints>false</useDomainConstraints>
<use>1</use>
<logicalDatatype>LOGDT024</logicalDatatype>
<dataTypeSize>20</dataTypeSize>
<ownDataTypeParameters>20,,</ownDataTypeParameters>
</Attribute>
</attributes>
<identifiers itemClass="oracle.dbtools.crest.model.design.logical.CandidateKey">
<identifier id="F94E1FD1-9054-FF8B-0022-601D382E4AA4" name="VET_TIPOSMASCOTAS PK">
<createdBy>USER</createdBy>
<createdTime>2025-01-02 05:35:50 UTC</createdTime>
<ownerDesignName>ER_Correccion</ownerDesignName>
<engineerTo>
<item key="68800AB6-1B70-20F2-7F84-62D418E1D62E" value="true"/>
</engineerTo>
<pk>true</pk>
<usedAttributes>
<attributeRef>AD548E80-BA13-AAE3-0EDC-733D08D3AC8D</attributeRef>
</usedAttributes>
</identifier>
</identifiers>
</Entity>