<?xml version = '1.0' encoding = 'UTF-8'?>
<Diagram class="oracle.dbtools.crest.swingui.logical.DPVLogical" name="Logical" id="2DF866CB-65B2-F251-BA33-5CED250180DD">
<createdBy>USER</createdBy>
<modifiedBy>USER</modifiedBy>
<createdTime>2024-12-13 04:51:43 UTC</createdTime>
<autoRoute>false</autoRoute>
<boxInbox>true</boxInbox>
<showLegend>false</showLegend>
<showLabels>true</showLabels>
<showRelAttributes>false</showRelAttributes>
<gridEnabled>false</gridEnabled>
<showGrid>false</showGrid>
<diagramColor>-1</diagramColor>
<display>false</display>
<notation>1</notation>
<objectViews>
<OView class="oracle.dbtools.crest.swingui.logical.TVEntity" oid="403D6AE5-1A7E-1521-1AF3-B5C427D0D813" otype="Entity" vid="04084853-2829-8A70-D05F-5921B9FB76A5">
<hideElementsInCurrentOnly>false</hideElementsInCurrentOnly>
<bounds x="765" y="273" width="170" height="166"/>
</OView>
<OView class="oracle.dbtools.crest.swingui.logical.TVEntity" oid="6AABBEBB-0B3F-2EC5-9B6A-1F8A88B2D742" otype="Entity" vid="FF5CD2EF-F36C-9816-A773-90A414BD68CB">
<hideElementsInCurrentOnly>false</hideElementsInCurrentOnly>
<bounds x="755" y="583" width="156" height="97"/>
</OView>
<OView class="oracle.dbtools.crest.swingui.logical.TVEntity" oid="7333DA86-4272-96C8-AFCE-FFA5C78F9339" otype="Entity" vid="F76478AC-5589-DDAF-7A3D-E9200F7CF672">
<hideElementsInCurrentOnly>false</hideElementsInCurrentOnly>
<bounds x="1305" y="681" width="170" height="94"/>
</OView>
<OView class="oracle.dbtools.crest.swingui.logical.TVEntity" oid="A4547F02-3909-CC86-5B23-9951BF983E7B" otype="Entity" vid="DDA636FF-2707-D3AA-AD69-0E75B76E5C51">
<hideElementsInCurrentOnly>false</hideElementsInCurrentOnly>
<bounds x="71" y="318" width="170" height="62"/>
</OView>
<OView class="oracle.dbtools.crest.swingui.logical.TVEntity" oid="B3441A2A-1A24-99C8-C96A-AC174EE0B2AA" otype="Entity" vid="9870DAD5-91E1-299F-79CF-B828C9B15B9E">
<hideElementsInCurrentOnly>false</hideElementsInCurrentOnly>
<bounds x="1320" y="413" width="170" height="113"/>
</OView>
<OView class="oracle.dbtools.crest.swingui.logical.TVEntity" oid="B7DCCFFF-F772-C182-F8AC-FE42C7D2B21A" otype="Entity" vid="A1B021E1-4AB4-E7FD-5713-4E24D24FC5DB">
<hideElementsInCurrentOnly>false</hideElementsInCurrentOnly>
<bounds x="426" y="85" width="170" height="56"/>
</OView>
<OView class="oracle.dbtools.crest.swingui.logical.TVEntity" oid="C5C570A9-9D65-3567-C7D2-587B83E96BFE" otype="Entity" vid="AFDD174F-1569-86E2-D6B4-4F469DC020A1">
<hideElementsInCurrentOnly>false</hideElementsInCurrentOnly>
<bounds x="68" y="79" width="158" height="65"/>
</OView>
<OView class="oracle.dbtools.crest.swingui.logical.TVEntity" oid="CE02CE0F-5E64-23A2-C88B-802E05F41774" otype="Entity" vid="EA0B5416-145F-9408-0663-B60DA70BB768">
<hideElementsInCurrentOnly>false</hideElementsInCurrentOnly>
<bounds x="401" y="340" width="170" height="81"/>
</OView>
<OView class="oracle.dbtools.crest.swingui.logical.TVEntity" oid="FB194040-6C42-F58F-462D-6B7CAD67294A" otype="Entity" vid="1D0A04DA-B94E-55BB-A798-928E0625582F">
<hideElementsInCurrentOnly>false</hideElementsInCurrentOnly>
<bounds x="1027" y="407" width="170" height="104"/>
</OView>
</objectViews>
<connectors>
<Connector class="oracle.dbtools.crest.swingui.logical.TVRelation" oid="0234FA4A-31E0-6723-C853-F4C163D149DD" otype="Relation" vid_source="04084853-2829-8A70-D05F-5921B9FB76A5" vid_target="A1B021E1-4AB4-E7FD-5713-4E24D24FC5DB">
<hideElementsInCurrentOnly>false</hideElementsInCurrentOnly>
<backgroundColor>-16777216</backgroundColor>
<lineWidth>1</lineWidth>
<sourceLabel class="oracle.dbtools.crest.model.design.Label">
<site>0</site>
<labelBounds x="851" y="237" width="39" height="30"/>
<noBackgroundColor>true</noBackgroundColor>
<noForegroundColor>true</noForegroundColor>
</sourceLabel>
<targetLabel class="oracle.dbtools.crest.model.design.Label">
<site>2</site>
<labelBounds x="606" y="106" width="66" height="30"/>
<noBackgroundColor>true</noBackgroundColor>
<noForegroundColor>true</noForegroundColor>
</targetLabel>
<points>
<point x="851" y="273"/>
<point x="851" y="103"/>
<point x="596" y="103"/>
</points>
</Connector>
<Connector class="oracle.dbtools.crest.swingui.logical.TVRelation" oid="4F8C2398-3434-20AF-6CB7-ADBC4F4C8F2F" otype="Relation" vid_source="04084853-2829-8A70-D05F-5921B9FB76A5" vid_target="EA0B5416-145F-9408-0663-B60DA70BB768">
<hideElementsInCurrentOnly>false</hideElementsInCurrentOnly>
<backgroundColor>-16777216</backgroundColor>
<lineWidth>1</lineWidth>
<sourceLabel class="oracle.dbtools.crest.model.design.Label">
<site>0</site>
<labelBounds x="705" y="345" width="54" height="35"/>
<noBackgroundColor>true</noBackgroundColor>
<noForegroundColor>true</noForegroundColor>
</sourceLabel>
<targetLabel class="oracle.dbtools.crest.model.design.Label">
<site>2</site>
<labelBounds x="581" y="383" width="51" height="30"/>
<noBackgroundColor>true</noBackgroundColor>
<noForegroundColor>true</noForegroundColor>
</targetLabel>
<points>
<point x="765" y="353"/>
<point x="571" y="380"/>
</points>
</Connector>
<Connector class="oracle.dbtools.crest.swingui.logical.TVRelation" oid="503A0D29-4CC8-343B-31CD-2F4F43EDC7BE" otype="Relation" vid_source="04084853-2829-8A70-D05F-5921B9FB76A5" vid_target="FF5CD2EF-F36C-9816-A773-90A414BD68CB">
<hideElementsInCurrentOnly>false</hideElementsInCurrentOnly>
<backgroundColor>-16777216</backgroundColor>
<lineWidth>1</lineWidth>
<sourceLabel class="oracle.dbtools.crest.model.design.Label">
<site>0</site>
<labelBounds x="838" y="499" width="39" height="30"/>
<noBackgroundColor>true</noBackgroundColor>
<noForegroundColor>true</noForegroundColor>
</sourceLabel>
<targetLabel class="oracle.dbtools.crest.model.design.Label">
<site>2</site>
<labelBounds x="838" y="531" width="66" height="30"/>
<noBackgroundColor>true</noBackgroundColor>
<noForegroundColor>true</noForegroundColor>
</targetLabel>
<points>
<point x="838" y="439"/>
<point x="838" y="583"/>
</points>
</Connector>
<Connector class="oracle.dbtools.crest.swingui.logical.TVRelation" oid="604A997F-9079-5465-6424-F4744A1B4A80" otype="Relation" vid_source="EA0B5416-145F-9408-0663-B60DA70BB768" vid_target="A1B021E1-4AB4-E7FD-5713-4E24D24FC5DB">
<hideElementsInCurrentOnly>false</hideElementsInCurrentOnly>
<backgroundColor>-16777216</backgroundColor>
<lineWidth>1</lineWidth>
<sourceLabel class="oracle.dbtools.crest.model.design.Label">
<site>0</site>
<labelBounds x="498" y="306" width="40" height="20"/>
<noBackgroundColor>true</noBackgroundColor>
<noForegroundColor>true</noForegroundColor>
</sourceLabel>
<targetLabel class="oracle.dbtools.crest.model.design.Label">
<site>2</site>
<labelBounds x="498" y="175" width="39" height="30"/>
<noBackgroundColor>true</noBackgroundColor>
<noForegroundColor>true</noForegroundColor>
</targetLabel>
<points>
<point x="498" y="340"/>
<point x="498" y="141"/>
</points>
</Connector>
<Connector class="oracle.dbtools.crest.swingui.logical.TVRelation" oid="7946FBCC-8B92-920D-ACE7-5510EB5425C5" otype="Relation" vid_source="1D0A04DA-B94E-55BB-A798-928E0625582F" vid_target="9870DAD5-91E1-299F-79CF-B828C9B15B9E">
<hideElementsInCurrentOnly>false</hideElementsInCurrentOnly>
<backgroundColor>-16777216</backgroundColor>
<lineWidth>1</lineWidth>
<sourceLabel class="oracle.dbtools.crest.model.design.Label">
<site>0</site>
<labelBounds x="1207" y="431" width="39" height="31"/>
<noBackgroundColor>true</noBackgroundColor>
<noForegroundColor>true</noForegroundColor>
</sourceLabel>
<targetLabel class="oracle.dbtools.crest.model.design.Label">
<site>2</site>
<labelBounds x="1248" y="465" width="66" height="31"/>
<noBackgroundColor>true</noBackgroundColor>
<noForegroundColor>true</noForegroundColor>
</targetLabel>
<points>
<point x="1197" y="462"/>
<point x="1320" y="462"/>
</points>
</Connector>
<Connector class="oracle.dbtools.crest.swingui.logical.TVRelation" oid="8EAF884F-12C8-EB41-30A2-2C0370CBCE83" otype="Relation" vid_source="AFDD174F-1569-86E2-D6B4-4F469DC020A1" vid_target="DDA636FF-2707-D3AA-AD69-0E75B76E5C51">
<hideElementsInCurrentOnly>false</hideElementsInCurrentOnly>
<backgroundColor>-16777216</backgroundColor>
<lineWidth>1</lineWidth>
<sourceLabel class="oracle.dbtools.crest.model.design.Label">
<site>0</site>
<labelBounds x="148" y="188" width="39" height="30"/>
<noBackgroundColor>true</noBackgroundColor>
<noForegroundColor>true</noForegroundColor>
</sourceLabel>
<targetLabel class="oracle.dbtools.crest.model.design.Label">
<site>2</site>
<labelBounds x="148" y="282" width="66" height="30"/>
<noBackgroundColor>true</noBackgroundColor>
<noForegroundColor>true</noForegroundColor>
</targetLabel>
<points>
<point x="148" y="144"/>
<point x="148" y="318"/>
</points>
</Connector>
<Connector class="oracle.dbtools.crest.swingui.logical.TVRelation" oid="8ECCC82D-A246-463F-0622-BCEEDCE4DAD4" otype="Relation" vid_source="FF5CD2EF-F36C-9816-A773-90A414BD68CB" vid_target="1D0A04DA-B94E-55BB-A798-928E0625582F">
<hideElementsInCurrentOnly>false</hideElementsInCurrentOnly>
<backgroundColor>-16777216</backgroundColor>
<lineWidth>1</lineWidth>
<sourceLabel class="oracle.dbtools.crest.model.design.Label">
<site>0</site>
<labelBounds x="921" y="606" width="43" height="30"/>
<noBackgroundColor>true</noBackgroundColor>
<noForegroundColor>true</noForegroundColor>
</sourceLabel>
<targetLabel class="oracle.dbtools.crest.model.design.Label">
<site>2</site>
<labelBounds x="1111" y="555" width="18" height="30"/>
<noBackgroundColor>true</noBackgroundColor>
<noForegroundColor>true</noForegroundColor>
</targetLabel>
<points>
<point x="911" y="636"/>
<point x="1111" y="636"/>
<point x="1111" y="511"/>
</points>
</Connector>
<Connector class="oracle.dbtools.crest.swingui.logical.TVRelation" oid="950575BD-8437-8A10-B4E9-1BC9B9F2E269" otype="Relation" vid_source="04084853-2829-8A70-D05F-5921B9FB76A5" vid_target="1D0A04DA-B94E-55BB-A798-928E0625582F">
<hideElementsInCurrentOnly>false</hideElementsInCurrentOnly>
<backgroundColor>-16777216</backgroundColor>
<lineWidth>1</lineWidth>
<sourceLabel class="oracle.dbtools.crest.model.design.Label">
<site>0</site>
<labelBounds x="945" y="306" width="42" height="30"/>
<noBackgroundColor>true</noBackgroundColor>
<noForegroundColor>true</noForegroundColor>
</sourceLabel>
<targetLabel class="oracle.dbtools.crest.model.design.Label">
<site>2</site>
<labelBounds x="1125" y="347" width="66" height="30"/>
<noBackgroundColor>true</noBackgroundColor>
<noForegroundColor>true</noForegroundColor>
</targetLabel>
<points>
<point x="935" y="336"/>
<point x="1125" y="336"/>
<point x="1125" y="407"/>
</points>
</Connector>
<Connector class="oracle.dbtools.crest.swingui.logical.TVRelation" oid="EFAE8AA1-2162-B8AF-C11A-3A686F199156" otype="Relation" vid_source="AFDD174F-1569-86E2-D6B4-4F469DC020A1" vid_target="A1B021E1-4AB4-E7FD-5713-4E24D24FC5DB">
<hideElementsInCurrentOnly>false</hideElementsInCurrentOnly>
<backgroundColor>-16777216</backgroundColor>
<lineWidth>1</lineWidth>
<sourceLabel class="oracle.dbtools.crest.model.design.Label">
<site>0</site>
<labelBounds x="236" y="83" width="52" height="30"/>
<noBackgroundColor>true</noBackgroundColor>
<noForegroundColor>true</noForegroundColor>
</sourceLabel>
<targetLabel class="oracle.dbtools.crest.model.design.Label">
<site>2</site>
<labelBounds x="354" y="116" width="66" height="30"/>
<noBackgroundColor>true</noBackgroundColor>
<noForegroundColor>true</noForegroundColor>
</targetLabel>
<points>
<point x="226" y="113"/>
<point x="426" y="113"/>
</points>
</Connector>
<Connector class="oracle.dbtools.crest.swingui.logical.TVRelation" oid="F99DC7C6-EF20-EC98-9116-668E0E84AB1D" otype="Relation" vid_source="F76478AC-5589-DDAF-7A3D-E9200F7CF672" vid_target="9870DAD5-91E1-299F-79CF-B828C9B15B9E">
<hideElementsInCurrentOnly>false</hideElementsInCurrentOnly>
<backgroundColor>-16777216</backgroundColor>
<lineWidth>1</lineWidth>
<sourceLabel class="oracle.dbtools.crest.model.design.Label">
<site>0</site>
<labelBounds x="1397" y="645" width="18" height="30"/>
<noBackgroundColor>true</noBackgroundColor>
<noForegroundColor>true</noForegroundColor>
</sourceLabel>
<targetLabel class="oracle.dbtools.crest.model.design.Label">
<site>2</site>
<labelBounds x="1397" y="570" width="52" height="31"/>
<noBackgroundColor>true</noBackgroundColor>
<noForegroundColor>true</noForegroundColor>
</targetLabel>
<points>
<point x="1397" y="681"/>
<point x="1397" y="526"/>
</points>
</Connector>
</connectors>
</Diagram>