<?xml version = '1.0' encoding = 'UTF-8'?>
<Relation class="oracle.dbtools.crest.model.design.logical.Relation" name="vet_personas_vet_mascotas" directorySegmentName="seg_0" id="0234FA4A-31E0-6723-C853-F4C163D149DD">
<createdBy>karen</createdBy>
<createdTime>2024-12-18 01:06:06 UTC</createdTime>
<ownerDesignName>ER_Correccion</ownerDesignName>
<engineerTo>
<item key="68800AB6-1B70-20F2-7F84-62D418E1D62E" value="true"/>
</engineerTo>
<sourcePk>F4ED5407-9530-2B22-DE20-9923055BE7D4</sourcePk>
<identifying>false</identifying>
<nameOnSource>tener</nameOnSource>
<nameOnTarget>pertenecer</nameOnTarget>
<optionalSource>false</optionalSource>
<optionalTarget>false</optionalTarget>
<sourceCardinality>1</sourceCardinality>
<sourceEntity>403D6AE5-1A7E-1521-1AF3-B5C427D0D813</sourceEntity>
<targetCardinalityString>*</targetCardinalityString>
<targetEntity>B7DCCFFF-F772-C182-F8AC-FE42C7D2B21A</targetEntity>
<transferable>true</transferable>
<deleteRule>NO ACTION</deleteRule>
</Relation>