<?xml version = '1.0' encoding = 'UTF-8'?>
<Relation class="oracle.dbtools.crest.model.design.logical.Relation" name="vet_empleados_vet_usuarios_fk" directorySegmentName="seg_0" id="503A0D29-4CC8-343B-31CD-2F4F43EDC7BE">
<createdBy>karen</createdBy>
<createdTime>2024-12-18 01:03:45 UTC</createdTime>
<ownerDesignName>ER_Correccion</ownerDesignName>
<engineerTo>
<item key="68800AB6-1B70-20F2-7F84-62D418E1D62E" value="true"/>
</engineerTo>
<sourcePk>F4ED5407-9530-2B22-DE20-9923055BE7D4</sourcePk>
<identifying>false</identifying>
<nameOnSource>tener</nameOnSource>
<nameOnTarget>pertenecer</nameOnTarget>
<optionalSource>true</optionalSource>
<optionalTarget>false</optionalTarget>
<sourceCardinality>1</sourceCardinality>
<sourceEntity>403D6AE5-1A7E-1521-1AF3-B5C427D0D813</sourceEntity>
<targetCardinalityString>1</targetCardinalityString>
<targetEntity>6AABBEBB-0B3F-2EC5-9B6A-1F8A88B2D742</targetEntity>
<transferable>true</transferable>
<deleteRule>NO ACTION</deleteRule>
</Relation>