<?xml version = '1.0' encoding = 'UTF-8'?>
<Relation class="oracle.dbtools.crest.model.design.logical.Relation" name="vet_mascotas_vet_citas_fk" directorySegmentName="seg_0" id="604A997F-9079-5465-6424-F4744A1B4A80">
<createdBy>USER</createdBy>
<createdTime>2024-12-13 15:23:40 UTC</createdTime>
<ownerDesignName>ER_Correccion</ownerDesignName>
<engineerTo>
<item key="68800AB6-1B70-20F2-7F84-62D418E1D62E" value="true"/>
</engineerTo>
<sourcePk>FFB887A3-B62C-DD15-E5CB-A6ED540860C1</sourcePk>
<targetPk>DC8DDF65-CD2F-45B8-4B66-A2F8754084D7</targetPk>
<identifying>false</identifying>
<nameOnSource>recibir</nameOnSource>
<nameOnTarget>tener</nameOnTarget>
<optionalSource>false</optionalSource>
<optionalTarget>true</optionalTarget>
<sourceCardinality>*</sourceCardinality>
<sourceEntity>CE02CE0F-5E64-23A2-C88B-802E05F41774</sourceEntity>
<targetCardinalityString>1</targetCardinalityString>
<targetEntity>B7DCCFFF-F772-C182-F8AC-FE42C7D2B21A</targetEntity>
<transferable>true</transferable>
<deleteRule>NO ACTION</deleteRule>
</Relation>