<?xml version = '1.0' encoding = 'UTF-8'?>
<Relation class="oracle.dbtools.crest.model.design.logical.Relation" name="vet_tipomascotas_fk_vet_razas_fk" directorySegmentName="seg_0" id="8EAF884F-12C8-EB41-30A2-2C0370CBCE83">
<createdBy>USER</createdBy>
<createdTime>2025-01-02 05:41:44 UTC</createdTime>
<ownerDesignName>ER_Correccion</ownerDesignName>
<engineerTo>
<item key="68800AB6-1B70-20F2-7F84-62D418E1D62E" value="true"/>
</engineerTo>
<sourcePk>F94E1FD1-9054-FF8B-0022-601D382E4AA4</sourcePk>
<identifying>false</identifying>
<nameOnSource>tener</nameOnSource>
<nameOnTarget>pertenecer</nameOnTarget>
<optionalSource>false</optionalSource>
<optionalTarget>false</optionalTarget>
<sourceCardinality>1</sourceCardinality>
<sourceEntity>C5C570A9-9D65-3567-C7D2-587B83E96BFE</sourceEntity>
<targetCardinalityString>*</targetCardinalityString>
<targetEntity>A4547F02-3909-CC86-5B23-9951BF983E7B</targetEntity>
<transferable>true</transferable>
<deleteRule>NO ACTION</deleteRule>
</Relation>